{
  "train_loss": [
    0.7925523519515991,
    0.7229880690574646,
    0.7119101285934448,
    0.6991609334945679,
    0.687982439994812,
    0.6776592135429382,
    0.6691725850105286,
    0.6603916883468628,
    0.6540845632553101,
    0.6486471891403198,
    0.6420152187347412,
    0.6373119354248047,
    0.6338598728179932,
    0.6281057000160217,
    0.6242086887359619,
    0.6219306588172913,
    0.619525134563446,
    0.6168521046638489,
    0.6138646602630615,
    0.612802267074585,
    0.6106921434402466,
    0.6098237633705139,
    0.6091359257698059,
    0.6066973209381104,
    0.6050288677215576,
    0.6038207411766052,
    0.6048086881637573,
    0.6018628478050232,
    0.6003296971321106,
    0.598713219165802,
    0.5977622270584106,
    0.5975425839424133,
    0.5918187499046326,
    0.5888991355895996,
    0.5886563658714294,
    0.5881741046905518
  ],
  "val_loss": [
    0.7117789387702942,
    0.6772685050964355,
    0.6661885380744934,
    0.6779273152351379,
    0.6563379168510437,
    0.6349694728851318,
    0.6278120279312134,
    0.6221753358840942,
    0.6208443641662598,
    0.61427241563797,
    0.6090807318687439,
    0.6013619899749756,
    0.597492516040802,
    0.594307005405426,
    0.593481719493866,
    0.597521185874939,
    0.5954563021659851,
    0.5873284339904785,
    0.5860665440559387,
    0.585827648639679,
    0.586473286151886,
    0.5837267637252808,
    0.5824363827705383,
    0.5864429473876953,
    0.5918915867805481,
    0.5791378617286682,
    0.5805354118347168,
    0.5794456005096436,
    0.5797559022903442,
    0.5806399583816528,
    0.5888305902481079,
    0.5828890204429626,
    0.5822733640670776,
    0.5813327431678772,
    0.5805863738059998,
    0.5808667540550232
  ],
  "lr": [
    0.0001,
    0.0001,
    0.0001,
    0.0001,
    0.0001,
    0.0001,
    0.0001,
    0.0001,
    0.0001,
    0.0001,
    0.0001,
    0.0001,
    0.0001,
    0.0001,
    0.0001,
    0.0001,
    0.0001,
    0.0001,
    0.0001,
    0.0001,
    0.0001,
    0.0001,
    0.0001,
    0.0001,
    0.0001,
    0.0001,
    0.0001,
    0.0001,
    0.0001,
    0.0001,
    0.0001,
    1e-05,
    1e-05,
    1e-05,
    1e-05,
    1e-05
  ],
  "grad_norm": [
    1.504691481590271,
    2.234025716781616,
    2.638216018676758,
    2.9966979026794434,
    3.0650110244750977,
    2.8218705654144287,
    2.5997116565704346,
    2.479673147201538,
    2.344451904296875,
    2.197421073913574,
    2.1873104572296143,
    2.2414133548736572,
    2.3533356189727783,
    2.010740280151367,
    2.0675861835479736,
    2.2829344272613525,
    2.165194272994995,
    1.929053783416748,
    1.8823031187057495,
    1.9263571500778198,
    1.8577412366867065,
    1.826027512550354,
    2.0043141841888428,
    1.823076605796814,
    1.9903521537780762,
    1.9443117380142212,
    1.8977235555648804,
    1.947879433631897,
    1.956174612045288,
    1.975650668144226,
    1.9376564025878906,
    1.9851222038269043,
    1.8308848142623901,
    2.124152421951294,
    2.2416136264801025,
    2.3366239070892334
  ],
  "best_epoch": 26
}