{
  "r2": 0.062382400035858154,
  "mse": 142054.359375,
  "rmse": 376.90099412843153,
  "mae": 32.072940826416016
}