{
  "train_loss": [
    0.9697936177253723,
    0.9606068134307861,
    0.9541518092155457,
    0.9506356120109558,
    0.9483216404914856,
    0.9485122561454773,
    0.9477476477622986,
    0.9443190097808838,
    0.9451856017112732,
    0.9466241002082825,
    0.944276750087738,
    0.9439263939857483,
    0.9405343532562256,
    0.9435879588127136,
    0.9416851997375488,
    0.9405326247215271,
    0.9457333087921143,
    0.9382359981536865,
    0.9139410853385925,
    0.9060416221618652,
    0.8914420008659363,
    0.8925528526306152,
    0.8854159712791443,
    0.8925459980964661,
    0.8831422328948975,
    0.8890137076377869,
    0.888416588306427,
    0.8776805996894836,
    0.869088888168335,
    0.8764997124671936,
    0.8765721321105957
  ],
  "val_loss": [
    1.1043283939361572,
    1.1131043434143066,
    1.0932960510253906,
    1.091394066810608,
    1.1009902954101562,
    1.09336519241333,
    1.089434027671814,
    1.093363881111145,
    1.0898027420043945,
    1.088031530380249,
    1.089929223060608,
    1.0861635208129883,
    1.088266372680664,
    1.0876795053482056,
    1.0926536321640015,
    1.0882072448730469,
    1.0891486406326294,
    1.088238000869751,
    1.0797779560089111,
    1.0808268785476685,
    1.0789589881896973,
    1.0806610584259033,
    1.0806416273117065,
    1.083510398864746,
    1.0850518941879272,
    1.0813664197921753,
    1.083160400390625,
    1.0826258659362793,
    1.081834316253662,
    1.0814566612243652,
    1.0818700790405273
  ],
  "lr": [
    0.001,
    0.001,
    0.001,
    0.001,
    0.001,
    0.001,
    0.001,
    0.001,
    0.001,
    0.001,
    0.001,
    0.001,
    0.001,
    0.001,
    0.001,
    0.001,
    0.001,
    0.0001,
    0.0001,
    0.0001,
    0.0001,
    0.0001,
    0.0001,
    0.0001,
    0.0001,
    0.0001,
    1e-05,
    1e-05,
    1e-05,
    1e-05,
    1e-05
  ],
  "grad_norm": [
    0.39143112301826477,
    0.4962097108364105,
    0.4669865071773529,
    0.4108930826187134,
    0.36080026626586914,
    0.3847370445728302,
    0.38874390721321106,
    0.3737647533416748,
    0.4134170711040497,
    0.45152780413627625,
    0.48540499806404114,
    0.5307216048240662,
    0.6963820457458496,
    0.6248849034309387,
    0.8419976830482483,
    0.7734954357147217,
    0.7244719862937927,
    0.8760018348693848,
    1.1524713039398193,
    1.1451410055160522,
    1.2846424579620361,
    1.3750065565109253,
    1.3891149759292603,
    1.480100154876709,
    1.5221176147460938,
    1.5523523092269897,
    1.6607340574264526,
    1.5173759460449219,
    1.4963022470474243,
    1.449262022972107,
    1.5615438222885132
  ],
  "best_epoch": 21
}