{
  "train_loss": [
    0.9736505150794983,
    0.964343249797821,
    0.960624098777771,
    0.9571129679679871,
    0.9554107189178467,
    0.9530039429664612,
    0.9505371451377869,
    0.9481673836708069,
    0.9549310803413391,
    0.9407276511192322,
    0.9377704858779907,
    0.9194755554199219,
    0.9133992195129395,
    0.9137437343597412,
    0.9096242189407349
  ],
  "val_loss": [
    0.03404983505606651,
    0.03491077199578285,
    0.029897449538111687,
    0.030596936121582985,
    0.029299020767211914,
    0.029982423409819603,
    0.029724879190325737,
    0.03064604289829731,
    0.03019532561302185,
    0.029653068631887436,
    0.03076448291540146,
    0.029827065765857697,
    0.029985228553414345,
    0.030226582661271095,
    0.030004004016518593
  ],
  "lr": [
    0.0001,
    0.0001,
    0.0001,
    0.0001,
    0.0001,
    0.0001,
    0.0001,
    0.0001,
    0.0001,
    0.0001,
    1e-05,
    1e-05,
    1e-05,
    1e-05,
    1e-05
  ],
  "grad_norm": [
    0.44815024733543396,
    0.7234667539596558,
    0.7989066243171692,
    0.8767049908638,
    0.8072977066040039,
    0.8526962995529175,
    0.9834766387939453,
    1.160986065864563,
    1.3509654998779297,
    1.734647512435913,
    1.886312484741211,
    2.5121726989746094,
    3.1782491207122803,
    3.4667768478393555,
    3.9157872200012207
  ],
  "best_epoch": 5
}