{
  "train_loss": [
    0.9680483937263489,
    0.9526945948600769,
    0.9508090615272522,
    0.9490947723388672,
    0.9470524787902832,
    0.9464552998542786,
    0.9460626244544983,
    0.945834219455719,
    0.9454125165939331,
    0.9447275400161743,
    0.9479094743728638,
    0.9438235759735107,
    0.944740355014801,
    0.9401390552520752,
    0.9400999546051025,
    0.948567807674408,
    0.9393921494483948,
    0.9475650787353516,
    0.9394941329956055,
    0.9314229488372803,
    0.918439507484436,
    0.9151576161384583,
    0.9118169546127319
  ],
  "val_loss": [
    0.048144370317459106,
    0.027245594188570976,
    0.026276690885424614,
    0.02532893605530262,
    0.039128825068473816,
    0.033574461936950684,
    0.0256725512444973,
    0.02732672542333603,
    0.025034142658114433,
    0.026063723489642143,
    0.031082777306437492,
    0.024797793477773666,
    0.024572057649493217,
    0.025301510468125343,
    0.041877541691064835,
    0.05935155600309372,
    0.026438148692250252,
    0.03400702029466629,
    0.02729155495762825,
    0.030446453019976616,
    0.027327077463269234,
    0.031229862943291664,
    0.02883724868297577
  ],
  "lr": [
    0.001,
    0.001,
    0.001,
    0.001,
    0.001,
    0.001,
    0.001,
    0.001,
    0.001,
    0.001,
    0.001,
    0.001,
    0.001,
    0.001,
    0.001,
    0.001,
    0.001,
    0.001,
    0.0001,
    0.0001,
    0.0001,
    0.0001,
    0.0001
  ],
  "grad_norm": [
    0.31274762749671936,
    0.25940677523612976,
    0.29455259442329407,
    0.3478790819644928,
    0.43658092617988586,
    0.4932596683502197,
    0.5418017506599426,
    0.6702641844749451,
    0.6508272886276245,
    0.5900923609733582,
    0.8639012575149536,
    0.829371452331543,
    0.7113219499588013,
    0.9015571475028992,
    0.8853567242622375,
    1.0848143100738525,
    1.3329389095306396,
    0.7899776101112366,
    1.1824127435684204,
    0.8512365221977234,
    1.1571893692016602,
    1.2771798372268677,
    1.2702033519744873
  ],
  "best_epoch": 13
}