{
  "train_loss": [
    0.9662182331085205,
    0.9524068832397461,
    0.949028491973877,
    0.9478293061256409,
    0.946688175201416,
    0.9445803761482239,
    0.9440761208534241,
    0.9433180689811707,
    0.9430035352706909,
    0.9424350261688232,
    0.9441038966178894,
    0.942520022392273,
    0.9420764446258545,
    0.9423470497131348,
    0.9366095066070557,
    0.9332060217857361,
    0.930801510810852,
    0.9272846579551697
  ],
  "val_loss": [
    0.6700856685638428,
    0.6607542634010315,
    0.6585404872894287,
    0.6585870981216431,
    0.6550196409225464,
    0.6536210179328918,
    0.6546109914779663,
    0.6532186269760132,
    0.6548425555229187,
    0.6594712138175964,
    0.6723253726959229,
    0.6536399722099304,
    0.6534742712974548,
    0.6538766026496887,
    0.6550491452217102,
    0.6554313898086548,
    0.661965548992157,
    0.6622660160064697
  ],
  "lr": [
    0.001,
    0.001,
    0.001,
    0.001,
    0.001,
    0.001,
    0.001,
    0.001,
    0.001,
    0.001,
    0.001,
    0.001,
    0.001,
    0.0001,
    0.0001,
    0.0001,
    0.0001,
    0.0001
  ],
  "grad_norm": [
    0.26119402050971985,
    0.2797585725784302,
    0.26039326190948486,
    0.2657262086868286,
    0.28351232409477234,
    0.2606372833251953,
    0.2673020362854004,
    0.30303385853767395,
    0.3040884733200073,
    0.3170810639858246,
    0.40018025040626526,
    0.3695390522480011,
    0.4376564025878906,
    0.48554882407188416,
    0.39597374200820923,
    0.5518953204154968,
    0.6969439387321472,
    0.8024013638496399
  ],
  "best_epoch": 8
}