{
  "train_loss": [
    0.9805200099945068,
    0.9735984802246094,
    0.9658134579658508,
    0.9638859033584595,
    0.9630246162414551,
    0.9610574841499329,
    0.9610519409179688,
    0.9608454704284668,
    0.9608283638954163,
    0.9609267711639404,
    0.9603391289710999,
    0.9596973061561584,
    0.9581797122955322,
    0.957841694355011,
    0.9573631286621094,
    0.9574665427207947,
    0.9566205143928528,
    0.9570038318634033,
    0.9571107625961304,
    0.9584237933158875,
    0.9599248766899109,
    0.9596054553985596,
    0.9582855105400085,
    0.957680344581604,
    0.9571826457977295
  ],
  "val_loss": [
    0.024945605546236038,
    0.019698606804013252,
    0.016159068793058395,
    0.01592174731194973,
    0.015828585252165794,
    0.015458693727850914,
    0.01837780326604843,
    0.014931872487068176,
    0.016282740980386734,
    0.014836691319942474,
    0.01797126978635788,
    0.015535358339548111,
    0.01525022741407156,
    0.015248422510921955,
    0.014680266380310059,
    0.016439730301499367,
    0.015389038249850273,
    0.014836854301393032,
    0.016000958159565926,
    0.014895034953951836,
    0.017999695613980293,
    0.015696564689278603,
    0.015821807086467743,
    0.015185829252004623,
    0.015796588733792305
  ],
  "lr": [
    0.003,
    0.003,
    0.003,
    0.003,
    0.003,
    0.003,
    0.003,
    0.003,
    0.003,
    0.003,
    0.003,
    0.003,
    0.003,
    0.003,
    0.003,
    0.003,
    0.003,
    0.003,
    0.003,
    0.003,
    0.00030000000000000003,
    0.00030000000000000003,
    0.00030000000000000003,
    0.00030000000000000003,
    0.00030000000000000003
  ],
  "grad_norm": [
    0.20223085582256317,
    0.23040281236171722,
    0.2124839723110199,
    0.21860623359680176,
    0.20767104625701904,
    0.18080367147922516,
    0.20601624250411987,
    0.19873647391796112,
    0.23068799078464508,
    0.21094858646392822,
    0.2625595033168793,
    0.23177430033683777,
    0.21592862904071808,
    0.19644665718078613,
    0.24485516548156738,
    0.2560368478298187,
    0.22715182602405548,
    0.226638525724411,
    0.22808775305747986,
    0.273031085729599,
    0.47929343581199646,
    0.17480263113975525,
    0.20289812982082367,
    0.2234358936548233,
    0.32089507579803467
  ],
  "best_epoch": 15
}