{
  "site_level": {
    "mse": 20138.844148491164,
    "rmse": 141.9113954145021,
    "mae": 56.9470628072975,
    "pearson": 0.6334172071824913,
    "spearman": 0.5998122040701008,
    "n_sites": 37370
  },
  "primer_level": {
    "n_primers": 966,
    "n_dropped_zero_total": 0,
    "mean_bias": 0.01305222052553539,
    "mean_abs_bias": 0.04002789399005351,
    "rmse": 0.08991263364288296,
    "pearson": 0.18723434224391794,
    "spearman": 0.1708080169470693
  },
  "training": {
    "epochs_run": 50,
    "best_epoch": 10,
    "duration_sec": 1337.6664490699768,
    "best_val_mse": 20135.6584875057,
    "n_train": 146518,
    "n_val": 37370,
    "device": "cpu"
  }
}