{
  "r2": 0.01494598388671875,
  "mse": 3578.87646484375,
  "rmse": 59.823711560248,
  "mae": 15.645936965942383
}