{
  "train_loss": [
    0.9739623069763184,
    0.9655711054801941,
    0.961273193359375,
    0.9607097506523132,
    0.9572851061820984,
    0.9561439156532288,
    0.9537990093231201,
    0.9524909853935242,
    0.9304845333099365,
    0.9225898385047913,
    0.9157944917678833,
    0.9205959439277649
  ],
  "val_loss": [
    0.029479259625077248,
    0.016968900337815285,
    0.018471306189894676,
    0.021723559126257896,
    0.0195508673787117,
    0.018292075023055077,
    0.024332577362656593,
    0.019194375723600388,
    0.025248611345887184,
    0.021926533430814743,
    0.01959063857793808,
    0.023313889279961586
  ],
  "lr": [
    0.001,
    0.001,
    0.001,
    0.001,
    0.001,
    0.001,
    0.001,
    0.0001,
    0.0001,
    0.0001,
    0.0001,
    0.0001
  ],
  "grad_norm": [
    0.2249974012374878,
    0.28236639499664307,
    0.3272111415863037,
    0.37744760513305664,
    0.44158583879470825,
    0.5529847741127014,
    0.5581117868423462,
    0.7447848916053772,
    1.1499075889587402,
    1.4613232612609863,
    1.6821882724761963,
    1.6973322629928589
  ],
  "best_epoch": 2
}