{
  "train_loss": [
    0.8485922813415527,
    0.7396140098571777,
    0.7223724126815796,
    0.7153441905975342,
    0.7076180577278137,
    0.7042315602302551,
    0.6976422071456909,
    0.6881765723228455,
    0.6833339929580688,
    0.6827067732810974,
    0.6741945147514343,
    0.6703274846076965,
    0.6673477292060852,
    0.6623740196228027,
    0.6600552201271057,
    0.657170832157135,
    0.6529871821403503,
    0.6528586149215698,
    0.6480682492256165,
    0.646510124206543,
    0.6406770944595337,
    0.6400696039199829,
    0.6385036706924438,
    0.6344386339187622,
    0.6312857866287231,
    0.6311883926391602,
    0.6292897462844849,
    0.6260035037994385,
    0.6244248151779175,
    0.6230769157409668,
    0.6208521127700806,
    0.6198537945747375,
    0.6158543229103088,
    0.6142586469650269,
    0.6133469343185425,
    0.6130573749542236,
    0.6132758259773254,
    0.6118658185005188,
    0.6130526661872864,
    0.6128131151199341,
    0.6118083596229553,
    0.6129211783409119,
    0.6123185753822327,
    0.6124592423439026,
    0.6116206049919128,
    0.6119586825370789,
    0.61141437292099,
    0.6101086735725403,
    0.6087587475776672,
    0.610787034034729
  ],
  "val_loss": [
    0.717848539352417,
    0.6866723895072937,
    0.6730467081069946,
    0.6864356994628906,
    0.665395975112915,
    0.6579815149307251,
    0.6558781862258911,
    0.6459152102470398,
    0.6495845317840576,
    0.6474127173423767,
    0.6384266018867493,
    0.6268495321273804,
    0.6306912302970886,
    0.6290234327316284,
    0.6184082627296448,
    0.6176753044128418,
    0.6151450276374817,
    0.6113235950469971,
    0.6083390116691589,
    0.6030570268630981,
    0.6010072827339172,
    0.6053820848464966,
    0.6004820466041565,
    0.5969491004943848,
    0.5952246785163879,
    0.5889687538146973,
    0.5913897156715393,
    0.5892030596733093,
    0.5894787311553955,
    0.5891990661621094,
    0.5984861850738525,
    0.5899960994720459,
    0.5872923731803894,
    0.5843656063079834,
    0.5833761692047119,
    0.5835688710212708,
    0.5856849551200867,
    0.5849915146827698,
    0.5850931406021118,
    0.5813747048377991,
    0.5834910869598389,
    0.5835956335067749,
    0.5831519961357117,
    0.5866329669952393,
    0.5855537056922913,
    0.5843985676765442,
    0.5834918022155762,
    0.583556056022644,
    0.5834859609603882,
    0.5840687155723572
  ],
  "lr": [
    0.0001,
    0.0001,
    0.0001,
    0.0001,
    0.0001,
    0.0001,
    0.0001,
    0.0001,
    0.0001,
    0.0001,
    0.0001,
    0.0001,
    0.0001,
    0.0001,
    0.0001,
    0.0001,
    0.0001,
    0.0001,
    0.0001,
    0.0001,
    0.0001,
    0.0001,
    0.0001,
    0.0001,
    0.0001,
    0.0001,
    0.0001,
    0.0001,
    0.0001,
    0.0001,
    0.0001,
    1e-05,
    1e-05,
    1e-05,
    1e-05,
    1e-05,
    1e-05,
    1e-05,
    1e-05,
    1e-05,
    1e-05,
    1e-05,
    1e-05,
    1e-05,
    1e-05,
    1.0000000000000002e-06,
    1.0000000000000002e-06,
    1.0000000000000002e-06,
    1.0000000000000002e-06,
    1.0000000000000002e-06
  ],
  "grad_norm": [
    0.894884467124939,
    1.5184779167175293,
    1.7079919576644897,
    2.199652910232544,
    2.4693002700805664,
    2.6670401096343994,
    3.050156593322754,
    2.8211872577667236,
    3.077058792114258,
    2.8899738788604736,
    2.841160535812378,
    2.7403783798217773,
    2.501521587371826,
    2.649508476257324,
    2.7431395053863525,
    2.416701316833496,
    2.376744508743286,
    2.5478622913360596,
    2.4546189308166504,
    2.383089542388916,
    2.0376014709472656,
    2.154691457748413,
    2.22674560546875,
    2.0851893424987793,
    2.086801767349243,
    2.035046100616455,
    2.1753318309783936,
    2.0834872722625732,
    1.9506715536117554,
    1.963010549545288,
    2.0921239852905273,
    1.9174212217330933,
    1.6463676691055298,
    1.9832476377487183,
    1.9600080251693726,
    2.038950204849243,
    1.953330636024475,
    2.135657548904419,
    2.090689182281494,
    1.9750970602035522,
    1.9460633993148804,
    2.0033507347106934,
    2.1564877033233643,
    2.135834217071533,
    2.192408561706543,
    2.224327802658081,
    2.102051258087158,
    2.1151938438415527,
    2.369889974594116,
    2.2868456840515137
  ],
  "best_epoch": 40
}